corridor,record_count,average_traffic_volume,average_speed,average_congestion_level,average_travel_time_index,low_congestion_count,medium_congestion_count,high_congestion_count
Koramangala | Sony World Junction,684,41470.801169590646,35.98002485291358,94.12508692181362,1.469595137450551,62,27,595
Koramangala | Sarjapur Road,680,40189.95,36.14571862796606,93.84516324496458,1.468046688282951,63,37,580
M.G. Road | Anil Kumble Circle,759,35251.82872200263,37.39540625778184,90.7821451975954,1.4442897363326777,73,146,540
M.G. Road | Trinity Circle,742,35350.13746630728,37.67817369029158,90.37255587398583,1.4368645713929158,75,134,533
Indiranagar | CMH Road,860,32611.924418604653,38.8600623009541,88.17636521100337,1.4084802274269574,92,210,558
Indiranagar | 100 Feet Road,860,31956.852325581396,38.42862055084289,87.1074151907726,1.3961180003254332,93,241,526
Hebbal | Hebbal Flyover,474,26794.92405063291,40.34388138046827,80.66235408643836,1.3726818877107976,87,135,252
Hebbal | Ballari Road,476,26272.64075630252,39.956644340206694,79.51455080194958,1.362689445789484,94,150,232
Jayanagar | South End Circle,593,24704.1197301855,39.43872436637749,77.27739771474882,1.3585066955385954,146,197,250
Jayanagar | Jayanagar 4th Block,580,24496.236206896552,40.14852613898649,76.71299490902342,1.3549442187514416,142,209,229
Whitefield | ITPL Main Road,450,21866.03777777778,41.972255745196435,71.10110558284765,1.3006331598929692,143,190,117
Whitefield | Marathahalli Bridge,492,20772.95325203252,42.29508337126398,67.18291343345656,1.2870828483772576,197,178,117
Yeshwanthpur | Yeshwanthpur Circle,373,19277.11528150134,42.96532251055715,63.74416172206506,1.272554210424853,163,146,64
Yeshwanthpur | Tumkur Road,361,18574.490304709143,43.94586090474644,60.949414815738784,1.255256423120149,186,129,46
Electronic City | Hosur Road,277,16557.223826714802,43.991574005914586,55.2037453763595,1.225943524356186,164,101,12
Electronic City | Silk Board Junction,275,16134.534545454546,43.32960642486206,53.69981954190169,1.2271571498218081,167,84,24
