corridor,festival_record_count,average_festival_traffic_volume,average_festival_congestion_level,high_congestion_count,high_congestion_percentage
Koramangala | Sony World Junction,27,44218.22222222222,95.3340397991561,25,92.59259259259259
M.G. Road | Anil Kumble Circle,26,36528.769230769234,93.10882033328855,19,73.07692307692308
Koramangala | Sarjapur Road,28,41491.642857142855,92.16469984397507,23,82.14285714285714
Indiranagar | CMH Road,34,32962.91176470588,91.06769086817704,21,61.76470588235294
Jayanagar | South End Circle,23,26303.08695652174,84.80679204779304,13,56.52173913043478
M.G. Road | Trinity Circle,22,32337.590909090908,84.50464743809644,13,59.09090909090909
Hebbal | Ballari Road,21,27153.761904761905,83.97068704200099,13,61.90476190476190
Hebbal | Hebbal Flyover,12,28077.666666666668,82.50150554647807,8,66.66666666666667
Indiranagar | 100 Feet Road,35,28828.82857142857,82.29564342649812,17,48.57142857142857
Jayanagar | Jayanagar 4th Block,20,21523.6,69.82894689291416,4,20.00000000000000
Yeshwanthpur | Yeshwanthpur Circle,16,20861.625,69.53585469350395,4,25.00000000000000
Whitefield | Marathahalli Bridge,16,20673.9375,67.99446456109597,1,6.25000000000000
Whitefield | ITPL Main Road,19,19211.052631578947,64.51908341970723,2,10.52631578947368
Yeshwanthpur | Tumkur Road,11,17822.909090909092,60.75437421789626,1,9.09090909090909
Electronic City | Hosur Road,6,16281.833333333334,53.61929820776438,0,0E-14
Electronic City | Silk Board Junction,7,16299.57142857143,52.692867585356495,0,0E-14
