corridor,total_records,high_congestion_count,high_congestion_percentage
Koramangala | Sony World Junction,684,595,86.98830409356725
Koramangala | Sarjapur Road,680,580,85.29411764705882
M.G. Road | Trinity Circle,742,533,71.83288409703504
M.G. Road | Anil Kumble Circle,759,540,71.14624505928854
Indiranagar | CMH Road,860,558,64.88372093023256
Indiranagar | 100 Feet Road,860,526,61.16279069767442
Hebbal | Hebbal Flyover,474,252,53.16455696202532
Hebbal | Ballari Road,476,232,48.73949579831933
Jayanagar | South End Circle,593,250,42.15851602023609
Jayanagar | Jayanagar 4th Block,580,229,39.48275862068966
Whitefield | ITPL Main Road,450,117,26.00000000000000
Whitefield | Marathahalli Bridge,492,117,23.78048780487805
Yeshwanthpur | Yeshwanthpur Circle,373,64,17.15817694369973
Yeshwanthpur | Tumkur Road,361,46,12.74238227146814
Electronic City | Silk Board Junction,275,24,8.72727272727273
Electronic City | Hosur Road,277,12,4.33212996389892
