date,festival_name,festival_flag,holiday_flag,source
2022-01-15,Makara Sankranti,true,true,Karnataka Government 2022 Holiday Notification
2022-01-26,Republic Day,false,true,Karnataka Government 2022 Holiday Notification
2022-03-01,Maha Shivaratri,true,true,Karnataka Government 2022 Holiday Notification
2022-04-02,Ugadi Festival,true,true,Karnataka Government 2022 Holiday Notification
2022-04-14,Ambedkar Jayanthi / Mahaveera Jayanthi,true,true,Karnataka Government 2022 Holiday Notification
2022-04-15,Good Friday,true,true,Karnataka Government 2022 Holiday Notification
2022-05-03,Basava Jayanthi / Akshaya Tritiya / Khutub-E-Ramzan,true,true,Karnataka Government 2022 Holiday Notification
2022-08-09,Moharam,true,true,Karnataka Government 2022 Holiday Notification
2022-08-15,Independence Day,false,true,Karnataka Government 2022 Holiday Notification
2022-08-31,Varasiddhi Vinayaka Vrata,true,true,Karnataka Government 2022 Holiday Notification
2022-10-04,Mahanavami / Ayudhapooja,true,true,Karnataka Government 2022 Holiday Notification
2022-10-05,Vijayadasami,true,true,Karnataka Government 2022 Holiday Notification
2022-10-24,Naraka Chaturdashi,true,true,Karnataka Government 2022 Holiday Notification
2022-10-26,Balipadyami / Deepavali,true,true,Karnataka Government 2022 Holiday Notification
2022-11-01,Kannada Rajyothsava,true,true,Karnataka Government 2022 Holiday Notification
2022-11-11,Kanakadasa Jayanthi,true,true,Karnataka Government 2022 Holiday Notification
2023-01-26,Republic Day,false,true,Karnataka Government 2023 Holiday Notification
2023-02-18,Maha Shivaratri,true,true,Karnataka Government 2023 Holiday Notification
2023-03-22,Ugadi Festival,true,true,Karnataka Government 2023 Holiday Notification
2023-04-03,Mahaveera Jayanthi,true,true,Karnataka Government 2023 Holiday Notification
2023-04-07,Good Friday,true,true,Karnataka Government 2023 Holiday Notification
2023-04-14,Ambedkar Jayanthi,true,true,Karnataka Government 2023 Holiday Notification
2023-05-01,May Day,false,true,Karnataka Government 2023 Holiday Notification
2023-06-29,Bakrid,true,true,Karnataka Government 2023 Holiday Notification
2023-07-29,Moharam,true,true,Karnataka Government 2023 Holiday Notification
2023-08-15,Independence Day,false,true,Karnataka Government 2023 Holiday Notification
2023-09-18,Varasiddhi Vinayaka Vrata,true,true,Karnataka Government 2023 Holiday Notification
2023-09-28,Eid-Milad,true,true,Karnataka Government 2023 Holiday Notification
2023-10-02,Gandhi Jayanthi,false,true,Karnataka Government 2023 Holiday Notification
2023-10-23,Mahanavami / Ayudhapooja,true,true,Karnataka Government 2023 Holiday Notification
2023-10-24,Vijayadasami,true,true,Karnataka Government 2023 Holiday Notification
2023-11-01,Kannada Rajyothsava,true,true,Karnataka Government 2023 Holiday Notification
2023-11-14,Balipadyami / Deepavali,true,true,Karnataka Government 2023 Holiday Notification
2023-11-30,Kanakadasa Jayanthi,true,true,Karnataka Government 2023 Holiday Notification
2024-01-15,Makara Sankranti,true,true,Karnataka Government 2024 Holiday Notification
2024-01-26,Republic Day,false,true,Karnataka Government 2024 Holiday Notification
2024-03-08,Maha Shivaratri,true,true,Karnataka Government 2024 Holiday Notification
2024-03-29,Good Friday,true,true,Karnataka Government 2024 Holiday Notification
2024-04-09,Ugadi Festival,true,true,Karnataka Government 2024 Holiday Notification
2024-04-11,Khutub-E-Ramzan,true,true,Karnataka Government 2024 Holiday Notification
2024-05-01,May Day,false,true,Karnataka Government 2024 Holiday Notification
2024-05-10,Basava Jayanthi / Akshaya Tritiya,true,true,Karnataka Government 2024 Holiday Notification
2024-06-17,Bakrid,true,true,Karnataka Government 2024 Holiday Notification
2024-07-17,Moharam,true,true,Karnataka Government 2024 Holiday Notification